1,Gustavo,gustavo@gustavo.com.br
2,Elias,elias@elias.com.br
3,Gabriel,gabriel@gabriel.com.br
4,Rafael,rafael@rafael.com.br
5,Aline,aline@aline.com.br
6,Vini,vini@vini.com.br
7,Juan,juan@juan.com.br
8,Giulia,giulia@giulia.com.br
9,Fernanado,fernando@fernando.com.br
10,Luisa,luisa@luisa.com.br
